\connect thirdparty

CREATE TABLE tenants(
    id INT PRIMARY KEY GENERATED BY DEFAULT AS IDENTITY,
    name TEXT NOT NULL
);

ALTER TABLE tenants REPLICA IDENTITY FULL;

CREATE TABLE thirdparties(
    id INT PRIMARY KEY GENERATED BY DEFAULT AS IDENTITY,
    name TEXT NOT NULL,
    tenant_id INT,
    CONSTRAINT fk_tenants FOREIGN KEY(tenant_id) REFERENCES tenants(id)
);

ALTER TABLE thirdparties REPLICA IDENTITY FULL;

CREATE TABLE contacts(
    id INT PRIMARY KEY GENERATED BY DEFAULT AS IDENTITY,
    first_name TEXT NOT NULL,
    last_name TEXT NOT NULL,
    tenant_id INT,
    thirdparty_id INT,
    CONSTRAINT fk_thirdparties FOREIGN KEY(thirdparty_id) REFERENCES thirdparties(id),
    CONSTRAINT fk_tenants FOREIGN KEY(tenant_id) REFERENCES tenants(id)
);

ALTER TABLE contacts REPLICA IDENTITY FULL;

insert into tenants (id, name) values (1, 'Brightdog');
insert into tenants (id, name) values (2, 'Livefish');

insert into thirdparties (id, name, tenant_id) values (1, 'Innojam', 1);
insert into thirdparties (id, name, tenant_id) values (2, 'Fivebridge', 1);
insert into thirdparties (id, name, tenant_id) values (3, 'Zoonder', 1);
insert into thirdparties (id, name, tenant_id) values (4, 'Skimia', 2);
insert into thirdparties (id, name, tenant_id) values (5, 'Oozz', 2);
insert into thirdparties (id, name, tenant_id) values (6, 'Realmix', 2);

insert into contacts (id, first_name, last_name, thirdparty_id, tenant_id) values (1, 'North', 'Richin', 1, 1);
insert into contacts (id, first_name, last_name, thirdparty_id, tenant_id) values (2, 'Sonja', 'Happs', 1, 1);
insert into contacts (id, first_name, last_name, thirdparty_id, tenant_id) values (3, 'Tobe', 'Merrisson', 1, 1);
insert into contacts (id, first_name, last_name, thirdparty_id, tenant_id) values (4, 'Carri', 'Holligan', 1, 1);
insert into contacts (id, first_name, last_name, thirdparty_id, tenant_id) values (5, 'Marijo', 'Castelletto', 1, 1);
insert into contacts (id, first_name, last_name, thirdparty_id, tenant_id) values (6, 'Giordano', 'Anelay', 2, 1);
insert into contacts (id, first_name, last_name, thirdparty_id, tenant_id) values (7, 'Billy', 'Geertz', 2, 1);
insert into contacts (id, first_name, last_name, thirdparty_id, tenant_id) values (8, 'Gena', 'Morrallee', 2, 1);
insert into contacts (id, first_name, last_name, thirdparty_id, tenant_id) values (9, 'Pierson', 'Bielfeldt', 2, 1);
insert into contacts (id, first_name, last_name, thirdparty_id, tenant_id) values (10, 'Bryn', 'Ranking', 2, 1);
insert into contacts (id, first_name, last_name, thirdparty_id, tenant_id) values (11, 'Eugenie', 'Vardon', 3, 1);
insert into contacts (id, first_name, last_name, thirdparty_id, tenant_id) values (12, 'Cordie', 'Stanistreet', 3, 1);
insert into contacts (id, first_name, last_name, thirdparty_id, tenant_id) values (13, 'Lonnard', 'Rame', 3, 1);
insert into contacts (id, first_name, last_name, thirdparty_id, tenant_id) values (14, 'Ellie', 'Suddell', 3, 1);
insert into contacts (id, first_name, last_name, thirdparty_id, tenant_id) values (15, 'Regan', 'Wallington', 3, 1);
insert into contacts (id, first_name, last_name, thirdparty_id, tenant_id) values (16, 'Mordecai', 'Jope', 4, 2);
insert into contacts (id, first_name, last_name, thirdparty_id, tenant_id) values (17, 'Ilsa', 'Grigoire', 4, 2);
insert into contacts (id, first_name, last_name, thirdparty_id, tenant_id) values (18, 'Rolfe', 'Goffe', 4, 2);
insert into contacts (id, first_name, last_name, thirdparty_id, tenant_id) values (19, 'Hermon', 'Ouldred', 4, 2);
insert into contacts (id, first_name, last_name, thirdparty_id, tenant_id) values (20, 'Milli', 'Depka', 4, 2);
insert into contacts (id, first_name, last_name, thirdparty_id, tenant_id) values (21, 'Guenevere', 'Averall', 5, 2);
insert into contacts (id, first_name, last_name, thirdparty_id, tenant_id) values (22, 'Camellia', 'Sloan', 5, 2);
insert into contacts (id, first_name, last_name, thirdparty_id, tenant_id) values (23, 'Hastie', 'McCallam', 5, 2);
insert into contacts (id, first_name, last_name, thirdparty_id, tenant_id) values (24, 'Trenna', 'Spink', 5, 2);
insert into contacts (id, first_name, last_name, thirdparty_id, tenant_id) values (25, 'Ruben', 'Dodsley', 5, 2);
insert into contacts (id, first_name, last_name, thirdparty_id, tenant_id) values (26, 'Tadio', 'Stedmond', 6, 2);
insert into contacts (id, first_name, last_name, thirdparty_id, tenant_id) values (27, 'Munmro', 'Foddy', 6, 2);
insert into contacts (id, first_name, last_name, thirdparty_id, tenant_id) values (28, 'Claudius', 'Kilford', 6, 2);
insert into contacts (id, first_name, last_name, thirdparty_id, tenant_id) values (29, 'Angeli', 'Antram', 6, 2);
insert into contacts (id, first_name, last_name, thirdparty_id, tenant_id) values (30, 'Evangelia', 'Lovelady', 6, 2);